Chromosome,Position
cc6m_2244_T7_ecorv,29
cc6m_2244_T7_ecorv,36
cc6m_2244_T7_ecorv,72
cc6m_2244_T7_ecorv,93
cc6m_2244_T7_ecorv,145
cc6m_2244_T7_ecorv,156
cc6m_2244_T7_ecorv,229
cc6m_2244_T7_ecorv,238
cc6m_2244_T7_ecorv,264
cc6m_2244_T7_ecorv,324
cc6m_2244_T7_ecorv,385
cc6m_2244_T7_ecorv,482
cc6m_2244_T7_ecorv,657
cc6m_2244_T7_ecorv,762
cc6m_2244_T7_ecorv,824
cc6m_2244_T7_ecorv,921
cc6m_2244_T7_ecorv,1081
cc6m_2244_T7_ecorv,1115
cc6m_2244_T7_ecorv,1183
cc6m_2244_T7_ecorv,1188
cc6m_2244_T7_ecorv,1197
cc6m_2244_T7_ecorv,1217
cc6m_2244_T7_ecorv,1234
cc6m_2244_T7_ecorv,1343
cc6m_2244_T7_ecorv,1356
cc6m_2244_T7_ecorv,1473
cc6m_2244_T7_ecorv,1496
cc6m_2244_T7_ecorv,1522
cc6m_2244_T7_ecorv,1582
cc6m_2244_T7_ecorv,1664
cc6m_2244_T7_ecorv,1821
cc6m_2244_T7_ecorv,1935
cc6m_2244_T7_ecorv,1953
cc6m_2244_T7_ecorv,1968
cc6m_2244_T7_ecorv,2000
cc6m_2244_T7_ecorv,2098
cc6m_2244_T7_ecorv,2200
cc6m_2459_T7_ecorv,109
cc6m_2459_T7_ecorv,141
cc6m_2459_T7_ecorv,176
cc6m_2459_T7_ecorv,303
cc6m_2459_T7_ecorv,308
cc6m_2459_T7_ecorv,344
cc6m_2459_T7_ecorv,389
cc6m_2459_T7_ecorv,401
cc6m_2459_T7_ecorv,456
cc6m_2459_T7_ecorv,466
cc6m_2459_T7_ecorv,535
cc6m_2459_T7_ecorv,559
cc6m_2459_T7_ecorv,611
cc6m_2459_T7_ecorv,617
cc6m_2459_T7_ecorv,757
cc6m_2459_T7_ecorv,793
cc6m_2459_T7_ecorv,855
cc6m_2459_T7_ecorv,866
cc6m_2459_T7_ecorv,877
cc6m_2459_T7_ecorv,945
cc6m_2459_T7_ecorv,954
cc6m_2459_T7_ecorv,980
cc6m_2459_T7_ecorv,1037
cc6m_2459_T7_ecorv,1070
cc6m_2459_T7_ecorv,1098
cc6m_2459_T7_ecorv,1194
cc6m_2459_T7_ecorv,1198
cc6m_2459_T7_ecorv,1366
cc6m_2459_T7_ecorv,1527
cc6m_2459_T7_ecorv,1633
cc6m_2459_T7_ecorv,1641
cc6m_2459_T7_ecorv,1670
cc6m_2459_T7_ecorv,1678
cc6m_2459_T7_ecorv,1760
cc6m_2459_T7_ecorv,1768
cc6m_2459_T7_ecorv,1867
cc6m_2459_T7_ecorv,1875
cc6m_2459_T7_ecorv,1897
cc6m_2459_T7_ecorv,2003
cc6m_2459_T7_ecorv,2009
cc6m_2459_T7_ecorv,2041
cc6m_2459_T7_ecorv,2046
cc6m_2459_T7_ecorv,2112
cc6m_2459_T7_ecorv,2128
cc6m_2459_T7_ecorv,2174
cc6m_2459_T7_ecorv,2403
cc6m_2459_T7_ecorv,2446
