cc6m_2244_T7_ecorv	29	A	+	0.000000	0	58	58
cc6m_2244_T7_ecorv	36	A	+	0.000000	0	57	57
cc6m_2244_T7_ecorv	72	A	+	0.000000	0	52	52
cc6m_2244_T7_ecorv	93	A	+	0.000000	0	56	56
cc6m_2244_T7_ecorv	145	A	+	0.000000	0	58	58
cc6m_2244_T7_ecorv	156	A	+	0.000000	0	57	57
cc6m_2244_T7_ecorv	229	A	+	0.000000	0	59	59
cc6m_2244_T7_ecorv	238	A	+	0.000000	0	49	49
cc6m_2244_T7_ecorv	264	A	+	0.000000	0	49	49
cc6m_2244_T7_ecorv	324	A	+	0.000000	0	59	59
cc6m_2244_T7_ecorv	385	A	+	0.000000	0	59	59
cc6m_2244_T7_ecorv	482	A	+	0.000000	0	53	53
cc6m_2244_T7_ecorv	657	A	+	0.000000	0	57	57
cc6m_2244_T7_ecorv	762	A	+	0.000000	0	56	56
cc6m_2244_T7_ecorv	824	A	+	0.000000	0	58	58
cc6m_2244_T7_ecorv	921	A	+	0.000000	0	58	58
cc6m_2244_T7_ecorv	1081	A	+	0.000000	0	57	57
cc6m_2244_T7_ecorv	1115	A	+	0.000000	0	58	58
cc6m_2244_T7_ecorv	1183	A	+	0.000000	0	56	56
cc6m_2244_T7_ecorv	1188	A	+	0.000000	0	56	56
cc6m_2244_T7_ecorv	1197	A	+	0.000000	0	59	59
cc6m_2244_T7_ecorv	1217	A	+	0.000000	0	59	59
cc6m_2244_T7_ecorv	1234	A	+	0.000000	0	57	57
cc6m_2244_T7_ecorv	1343	A	+	0.000000	0	57	57
cc6m_2244_T7_ecorv	1356	A	+	0.000000	0	57	57
cc6m_2244_T7_ecorv	1473	A	+	0.000000	0	59	59
cc6m_2244_T7_ecorv	1496	A	+	0.000000	0	59	59
cc6m_2244_T7_ecorv	1522	A	+	0.000000	0	53	53
cc6m_2244_T7_ecorv	1582	A	+	0.000000	0	59	59
cc6m_2244_T7_ecorv	1664	A	+	0.000000	0	57	57
cc6m_2244_T7_ecorv	1821	A	+	0.000000	0	54	54
cc6m_2244_T7_ecorv	1935	A	+	0.000000	0	59	59
cc6m_2244_T7_ecorv	1953	A	+	0.000000	0	58	58
cc6m_2244_T7_ecorv	1968	A	+	0.000000	0	59	59
cc6m_2244_T7_ecorv	2000	A	+	0.000000	0	56	56
cc6m_2244_T7_ecorv	2098	A	+	0.000000	0	56	56
cc6m_2244_T7_ecorv	2200	A	+	0.000000	0	58	58
